image_name,category
./data/520.jpg,1
./data/1162.jpg,3
./data/362.jpg,1
./data/570.jpg,2
./data/303.jpg,0
./data/563.jpg,2
./data/965.jpg,2
./data/1397.jpg,3
./data/408.jpg,1
./data/80.jpg,0
./data/73.jpg,0
./data/1396.jpg,3
./data/505.jpg,1
./data/470.jpg,1
./data/1347.jpg,3
./data/511.jpg,1
./data/930.jpg,2
./data/1137.jpg,3
./data/1153.jpg,3
./data/580.jpg,2
./data/708.jpg,2
./data/141.jpg,0
./data/507.jpg,1
./data/723.jpg,2
./data/882.jpg,2
./data/732.jpg,2
./data/1323.jpg,3
./data/1335.jpg,3
./data/413.jpg,1
./data/1305.jpg,3
./data/121.jpg,0
./data/748.jpg,2
./data/426.jpg,1
./data/655.jpg,2
./data/1077.jpg,3
./data/1424.jpg,3
./data/1164.jpg,3
./data/199.jpg,0
./data/554.jpg,1
./data/104.jpg,0
./data/1157.jpg,3
./data/44.jpg,0
./data/259.jpg,0
./data/342.jpg,1
./data/247.jpg,0
./data/1418.jpg,3
./data/1122.jpg,3
./data/475.jpg,1
./data/845.jpg,2
./data/555.jpg,1
./data/1144.jpg,3
./data/794.jpg,2
./data/29.jpg,0
./data/659.jpg,2
./data/627.jpg,2
./data/620.jpg,2
./data/1376.jpg,3
./data/552.jpg,1
./data/854.jpg,2
./data/775.jpg,2
./data/9.jpg,0
./data/35.jpg,0
./data/74.jpg,0
./data/550.jpg,1
./data/319.jpg,1
./data/151.jpg,0
./data/1279.jpg,3
./data/1165.jpg,3
./data/37.jpg,0
./data/676.jpg,2
./data/238.jpg,0
./data/1292.jpg,3
./data/1087.jpg,3
./data/979.jpg,2
./data/421.jpg,1
./data/175.jpg,0
./data/897.jpg,2
./data/1120.jpg,3
./data/245.jpg,0
./data/837.jpg,2
./data/877.jpg,2
./data/40.jpg,0
./data/70.jpg,0
./data/910.jpg,2
./data/1241.jpg,3
./data/642.jpg,2
./data/802.jpg,2
./data/728.jpg,2
./data/1217.jpg,3
./data/600.jpg,2
./data/296.jpg,0
./data/1408.jpg,3
./data/260.jpg,0
./data/625.jpg,2
./data/901.jpg,2
./data/1432.jpg,3
./data/1400.jpg,3
./data/1257.jpg,3
./data/240.jpg,0
./data/1399.jpg,3
./data/267.jpg,0
./data/1016.jpg,3
./data/1054.jpg,3
./data/289.jpg,0
./data/229.jpg,0
./data/1127.jpg,3
./data/695.jpg,2
./data/832.jpg,2
./data/239.jpg,0
./data/967.jpg,2
./data/13.jpg,0
./data/282.jpg,0
./data/1041.jpg,3
./data/922.jpg,2
./data/1075.jpg,3
./data/377.jpg,1
./data/588.jpg,2
./data/1454.jpg,3
./data/50.jpg,0
./data/355.jpg,1
./data/89.jpg,0
./data/293.jpg,0
./data/1377.jpg,3
./data/1023.jpg,3
./data/973.jpg,2
./data/868.jpg,2
./data/99.jpg,0
./data/1130.jpg,3
./data/936.jpg,2
./data/1066.jpg,3
./data/513.jpg,1
./data/486.jpg,1
./data/304.jpg,0
./data/371.jpg,1
./data/396.jpg,1
./data/1253.jpg,3
./data/993.jpg,3
./data/112.jpg,0
./data/284.jpg,0
./data/214.jpg,0
./data/1143.jpg,3
./data/714.jpg,2
./data/193.jpg,0
./data/1091.jpg,3
./data/431.jpg,1
./data/380.jpg,1
./data/36.jpg,0
./data/605.jpg,2
./data/178.jpg,0
./data/379.jpg,1
./data/1121.jpg,3
./data/1134.jpg,3
./data/417.jpg,1
./data/1307.jpg,3
./data/1072.jpg,3
./data/1145.jpg,3
./data/466.jpg,1
./data/608.jpg,2
./data/1006.jpg,3
./data/490.jpg,1
./data/483.jpg,1
./data/1205.jpg,3
./data/71.jpg,0
./data/681.jpg,2
./data/715.jpg,2
./data/167.jpg,0
./data/125.jpg,0
./data/344.jpg,1
./data/1008.jpg,3
./data/111.jpg,0
./data/1389.jpg,3
./data/1085.jpg,3
./data/1263.jpg,3
./data/907.jpg,2
./data/577.jpg,2
./data/830.jpg,2
./data/1346.jpg,3
./data/263.jpg,0
./data/1214.jpg,3
./data/468.jpg,1
./data/1046.jpg,3
./data/1283.jpg,3
./data/332.jpg,1
./data/1428.jpg,3
./data/753.jpg,2
./data/64.jpg,0
./data/203.jpg,0
./data/963.jpg,2
./data/39.jpg,0
./data/656.jpg,2
./data/921.jpg,2
./data/1100.jpg,3
./data/429.jpg,1
./data/640.jpg,2
./data/447.jpg,1
./data/1380.jpg,3
./data/1051.jpg,3
./data/734.jpg,2
./data/449.jpg,1
./data/1070.jpg,3
./data/97.jpg,0
./data/430.jpg,1
./data/313.jpg,1
./data/4.jpg,0
./data/668.jpg,2
./data/1035.jpg,3
./data/1009.jpg,3
./data/308.jpg,0
./data/1251.jpg,3
./data/499.jpg,1
./data/1372.jpg,3
./data/858.jpg,2
./data/559.jpg,2
./data/733.jpg,2
./data/401.jpg,1
./data/720.jpg,2
./data/1284.jpg,3
./data/1423.jpg,3
./data/528.jpg,1
./data/799.jpg,2
./data/1245.jpg,3
./data/776.jpg,2
./data/334.jpg,1
./data/190.jpg,0
./data/1061.jpg,3
./data/1211.jpg,3
./data/390.jpg,1
./data/1334.jpg,3
./data/1186.jpg,3
./data/887.jpg,2
./data/568.jpg,2
./data/891.jpg,2
./data/32.jpg,0
./data/1287.jpg,3
./data/957.jpg,2
./data/1302.jpg,3
./data/690.jpg,2
./data/1010.jpg,3
./data/72.jpg,0
./data/815.jpg,2
./data/621.jpg,2
./data/418.jpg,1
./data/1138.jpg,3
./data/809.jpg,2
./data/853.jpg,2
./data/242.jpg,0
./data/372.jpg,1
./data/841.jpg,2
./data/1436.jpg,3
./data/1363.jpg,3
./data/228.jpg,0
./data/874.jpg,2
./data/1240.jpg,3
./data/1248.jpg,3
./data/914.jpg,2
./data/279.jpg,0
./data/1039.jpg,3
./data/757.jpg,2
./data/1402.jpg,3
./data/569.jpg,2
./data/452.jpg,1
./data/532.jpg,1
./data/45.jpg,0
./data/1413.jpg,3
./data/962.jpg,2
./data/582.jpg,2
./data/984.jpg,2
./data/564.jpg,2
./data/672.jpg,2
./data/146.jpg,0
./data/807.jpg,2
./data/2.jpg,0
./data/1152.jpg,3
./data/65.jpg,0
./data/209.jpg,0
./data/169.jpg,0
./data/685.jpg,2
./data/1303.jpg,3
./data/1361.jpg,3
./data/219.jpg,0
./data/952.jpg,2
./data/1310.jpg,3
./data/1238.jpg,3
./data/107.jpg,0
./data/7.jpg,0
./data/433.jpg,1
./data/251.jpg,0
./data/148.jpg,0
./data/69.jpg,0
./data/368.jpg,1
./data/671.jpg,2
./data/1139.jpg,3
./data/5.jpg,0
./data/826.jpg,2
./data/271.jpg,0
./data/471.jpg,1
./data/635.jpg,2
./data/998.jpg,3
./data/836.jpg,2
./data/1201.jpg,3
./data/1388.jpg,3
./data/1244.jpg,3
./data/11.jpg,0
./data/1004.jpg,3
./data/1014.jpg,3
./data/147.jpg,0
./data/1319.jpg,3
./data/599.jpg,2
./data/1185.jpg,3
./data/402.jpg,1
./data/91.jpg,0
./data/124.jpg,0
./data/327.jpg,1
./data/911.jpg,2
./data/951.jpg,2
./data/77.jpg,0
./data/652.jpg,2
./data/906.jpg,2
./data/1468.jpg,3
./data/1184.jpg,3
./data/839.jpg,2
./data/137.jpg,0
./data/503.jpg,1
./data/1147.jpg,3
./data/804.jpg,2
./data/150.jpg,0
./data/101.jpg,0
./data/716.jpg,2
./data/932.jpg,2
./data/1089.jpg,3
./data/1433.jpg,3
./data/884.jpg,2
./data/498.jpg,1
./data/725.jpg,2
./data/1458.jpg,3
./data/434.jpg,1
./data/1032.jpg,3
./data/1271.jpg,3
./data/60.jpg,0
./data/1135.jpg,3
./data/968.jpg,2
./data/1357.jpg,3
./data/227.jpg,0
./data/1269.jpg,3
./data/149.jpg,0
./data/220.jpg,0
./data/786.jpg,2
./data/1442.jpg,3
./data/821.jpg,2
./data/185.jpg,0
./data/100.jpg,0
./data/931.jpg,2
./data/890.jpg,2
./data/258.jpg,0
./data/142.jpg,0
./data/1314.jpg,3
./data/519.jpg,1
./data/639.jpg,2
./data/1409.jpg,3
./data/1022.jpg,3
./data/1170.jpg,3
./data/264.jpg,0
./data/1044.jpg,3
./data/300.jpg,0
./data/374.jpg,1
./data/221.jpg,0
./data/614.jpg,2
./data/1034.jpg,3
./data/1332.jpg,3
./data/485.jpg,1
./data/1429.jpg,3
./data/345.jpg,1
./data/378.jpg,1
./data/1242.jpg,3
./data/1465.jpg,3
./data/1227.jpg,3
./data/180.jpg,0
./data/58.jpg,0
./data/506.jpg,1
./data/455.jpg,1
./data/257.jpg,0
./data/542.jpg,1
./data/1230.jpg,3
./data/950.jpg,2
./data/460.jpg,1
./data/972.jpg,2
./data/414.jpg,1
./data/285.jpg,0
./data/1437.jpg,3
./data/170.jpg,0
./data/1038.jpg,3
./data/108.jpg,0
./data/616.jpg,2
./data/711.jpg,2
./data/828.jpg,2
./data/269.jpg,0
./data/744.jpg,2
./data/852.jpg,2
./data/291.jpg,0
./data/1002.jpg,3
./data/641.jpg,2
./data/833.jpg,2
./data/262.jpg,0
./data/464.jpg,1
./data/1086.jpg,3
./data/1113.jpg,3
./data/1206.jpg,3
./data/52.jpg,0
./data/788.jpg,2
./data/135.jpg,0
./data/1270.jpg,3
./data/226.jpg,0
./data/530.jpg,1
./data/1216.jpg,3
./data/610.jpg,2
./data/990.jpg,3
./data/232.jpg,0
./data/1224.jpg,3
./data/1308.jpg,3
./data/602.jpg,2
./data/106.jpg,0
./data/851.jpg,2
./data/42.jpg,0
./data/876.jpg,2
./data/200.jpg,0
./data/462.jpg,1
./data/275.jpg,0
./data/1289.jpg,3
./data/613.jpg,2
./data/1081.jpg,3
./data/1309.jpg,3
./data/870.jpg,2
./data/1079.jpg,3
./data/1341.jpg,3
./data/1298.jpg,3
./data/338.jpg,1
./data/1365.jpg,3
./data/1434.jpg,3
./data/1410.jpg,3
./data/698.jpg,2
./data/966.jpg,2
./data/403.jpg,1
./data/1179.jpg,3
./data/1024.jpg,3
./data/1246.jpg,3
./data/643.jpg,2
./data/83.jpg,0
./data/446.jpg,1
./data/645.jpg,2
./data/1173.jpg,3
./data/739.jpg,2
./data/43.jpg,0
./data/305.jpg,0
./data/1159.jpg,3
./data/1455.jpg,3
./data/1262.jpg,3
./data/1304.jpg,3
./data/565.jpg,2
./data/651.jpg,2
./data/774.jpg,2
./data/79.jpg,0
./data/1439.jpg,3
./data/302.jpg,0
./data/212.jpg,0
./data/488.jpg,1
./data/420.jpg,1
./data/123.jpg,0
./data/571.jpg,2
./data/21.jpg,0
./data/46.jpg,0
./data/1192.jpg,3
./data/325.jpg,1
./data/1321.jpg,3
./data/1375.jpg,3
./data/1101.jpg,3
./data/521.jpg,1
./data/1082.jpg,3
./data/1001.jpg,3
./data/660.jpg,2
./data/575.jpg,2
./data/288.jpg,0
./data/1411.jpg,3
./data/1183.jpg,3
./data/109.jpg,0
./data/394.jpg,1
./data/1443.jpg,3
./data/1288.jpg,3
./data/736.jpg,2
./data/1007.jpg,3
./data/15.jpg,0
./data/759.jpg,2
./data/1430.jpg,3
./data/287.jpg,0
./data/823.jpg,2
./data/1381.jpg,3
./data/766.jpg,2
./data/134.jpg,0
./data/937.jpg,2
./data/978.jpg,2
./data/335.jpg,1
./data/633.jpg,2
./data/383.jpg,1
./data/797.jpg,2
./data/1258.jpg,3
./data/556.jpg,1
./data/1261.jpg,3
./data/202.jpg,0
./data/331.jpg,1
./data/381.jpg,1
./data/1042.jpg,3
./data/436.jpg,1
./data/1276.jpg,3
./data/493.jpg,1
./data/1318.jpg,3
./data/646.jpg,2
./data/281.jpg,0
./data/1116.jpg,3
./data/384.jpg,1
./data/494.jpg,1
./data/789.jpg,2
./data/1036.jpg,3
./data/772.jpg,2
./data/773.jpg,2
./data/168.jpg,0
./data/336.jpg,1
./data/920.jpg,2
./data/508.jpg,1
./data/323.jpg,1
./data/1337.jpg,3
./data/459.jpg,1
./data/1031.jpg,3
./data/1296.jpg,3
./data/654.jpg,2
./data/1018.jpg,3
./data/537.jpg,1
./data/164.jpg,0
./data/1281.jpg,3
./data/1232.jpg,3
./data/731.jpg,2
./data/581.jpg,2
./data/61.jpg,0
./data/314.jpg,1
./data/56.jpg,0
./data/395.jpg,1
./data/10.jpg,0
./data/138.jpg,0
./data/224.jpg,0
./data/174.jpg,0
./data/1102.jpg,3
./data/763.jpg,2
./data/607.jpg,2
./data/321.jpg,1
./data/162.jpg,0
./data/495.jpg,1
./data/1052.jpg,3
./data/512.jpg,1
./data/864.jpg,2
./data/745.jpg,2
./data/737.jpg,2
./data/1048.jpg,3
./data/140.jpg,0
./data/545.jpg,1
./data/1229.jpg,3
./data/1344.jpg,3
./data/266.jpg,0
./data/1005.jpg,3
./data/237.jpg,0
./data/341.jpg,1
./data/1266.jpg,3
./data/158.jpg,0
./data/472.jpg,1
./data/1385.jpg,3
./data/210.jpg,0
./data/456.jpg,1
./data/576.jpg,2
./data/453.jpg,1
./data/669.jpg,2
./data/710.jpg,2
./data/484.jpg,1
./data/1050.jpg,3
./data/392.jpg,1
./data/196.jpg,0
./data/1278.jpg,3
./data/1169.jpg,3
./data/115.jpg,0
./data/1171.jpg,3
./data/318.jpg,1
./data/1260.jpg,3
./data/818.jpg,2
./data/1222.jpg,3
./data/1356.jpg,3
./data/1124.jpg,3
./data/38.jpg,0
./data/1015.jpg,3
./data/126.jpg,0
./data/78.jpg,0
./data/324.jpg,1
./data/1463.jpg,3
./data/155.jpg,0
./data/591.jpg,2
./data/176.jpg,0
./data/1158.jpg,3
./data/261.jpg,0
./data/535.jpg,1
./data/1239.jpg,3
./data/1188.jpg,3
./data/425.jpg,1
./data/1249.jpg,3
./data/871.jpg,2
./data/547.jpg,1
./data/1199.jpg,3
./data/913.jpg,2
./data/172.jpg,0
./data/938.jpg,2
./data/740.jpg,2
./data/1331.jpg,3
./data/173.jpg,0
./data/929.jpg,2
./data/598.jpg,2
./data/1322.jpg,3
./data/948.jpg,2
./data/1067.jpg,3
./data/587.jpg,2
./data/0.jpg,0
./data/700.jpg,2
./data/691.jpg,2
./data/316.jpg,1
./data/389.jpg,1
./data/1175.jpg,3
./data/1103.jpg,3
./data/1274.jpg,3
./data/213.jpg,0
./data/1140.jpg,3
./data/317.jpg,1
./data/1110.jpg,3
./data/908.jpg,2
./data/663.jpg,2
./data/1272.jpg,3
./data/254.jpg,0
./data/1106.jpg,3
./data/880.jpg,2
./data/1084.jpg,3
./data/53.jpg,0
./data/1360.jpg,3
./data/1306.jpg,3
./data/947.jpg,2
./data/684.jpg,2
./data/354.jpg,1
./data/1043.jpg,3
./data/457.jpg,1
./data/160.jpg,0
./data/1231.jpg,3
./data/893.jpg,2
./data/369.jpg,1
./data/1097.jpg,3
./data/243.jpg,0
./data/1.jpg,0
./data/157.jpg,0
./data/1112.jpg,3
./data/701.jpg,2
./data/450.jpg,1
./data/617.jpg,2
./data/393.jpg,1
./data/1349.jpg,3
./data/892.jpg,2
./data/1364.jpg,3
./data/1444.jpg,3
./data/1207.jpg,3
./data/1213.jpg,3
./data/636.jpg,2
./data/785.jpg,2
./data/860.jpg,2
./data/834.jpg,2
./data/1212.jpg,3
./data/1252.jpg,3
./data/1327.jpg,3
./data/1012.jpg,3
./data/717.jpg,2
./data/909.jpg,2
./data/105.jpg,0
./data/1064.jpg,3
./data/1350.jpg,3
./data/686.jpg,2
./data/102.jpg,0
./data/697.jpg,2
./data/330.jpg,1
./data/1367.jpg,3
./data/1445.jpg,3
./data/1098.jpg,3
./data/574.jpg,2
./data/346.jpg,1
./data/594.jpg,2
./data/1398.jpg,3
./data/664.jpg,2
./data/1076.jpg,3
./data/1342.jpg,3
./data/437.jpg,1
./data/85.jpg,0
./data/1425.jpg,3
./data/1220.jpg,3
./data/534.jpg,1
./data/612.jpg,2
./data/943.jpg,2
./data/661.jpg,2
./data/491.jpg,1
./data/840.jpg,2
./data/301.jpg,0
./data/182.jpg,0
./data/538.jpg,1
./data/850.jpg,2
./data/86.jpg,0
./data/622.jpg,2
./data/1234.jpg,3
./data/1370.jpg,3
./data/666.jpg,2
./data/76.jpg,0
./data/879.jpg,2
./data/1080.jpg,3
./data/1446.jpg,3
./data/827.jpg,2
./data/310.jpg,0
./data/549.jpg,1
./data/299.jpg,0
./data/960.jpg,2
./data/648.jpg,2
./data/1467.jpg,3
./data/782.jpg,2
./data/292.jpg,0
./data/849.jpg,2
./data/544.jpg,1
./data/353.jpg,1
./data/800.jpg,2
./data/1096.jpg,3
./data/358.jpg,1
./data/1386.jpg,3
./data/487.jpg,1
./data/183.jpg,0
./data/1063.jpg,3
./data/558.jpg,2
./data/722.jpg,2
./data/1155.jpg,3
./data/95.jpg,0
./data/780.jpg,2
./data/145.jpg,0
./data/895.jpg,2
./data/1069.jpg,3
./data/1182.jpg,3
./data/1268.jpg,3
./data/1176.jpg,3
./data/424.jpg,1
./data/1414.jpg,3
./data/939.jpg,2
./data/1131.jpg,3
./data/838.jpg,2
./data/729.jpg,2
./data/48.jpg,0
./data/201.jpg,0
./data/735.jpg,2
./data/1190.jpg,3
./data/518.jpg,1
./data/883.jpg,2
./data/1412.jpg,3
./data/1451.jpg,3
./data/1379.jpg,3
./data/955.jpg,2
./data/764.jpg,2
./data/619.jpg,2
./data/1095.jpg,3
./data/1340.jpg,3
./data/255.jpg,0
./data/597.jpg,2
./data/945.jpg,2
./data/322.jpg,1
./data/803.jpg,2
./data/406.jpg,1
./data/916.jpg,2
./data/899.jpg,2
./data/1119.jpg,3
./data/867.jpg,2
./data/113.jpg,0
./data/1056.jpg,3
./data/482.jpg,1
./data/504.jpg,1
./data/1280.jpg,3
./data/976.jpg,2
./data/524.jpg,1
./data/272.jpg,0
./data/1045.jpg,3
./data/184.jpg,0
./data/361.jpg,1
./data/601.jpg,2
./data/713.jpg,2
./data/675.jpg,2
./data/954.jpg,2
./data/399.jpg,1
./data/1392.jpg,3
./data/724.jpg,2
./data/1202.jpg,3
./data/364.jpg,1
./data/898.jpg,2
./data/603.jpg,2
./data/961.jpg,2
./data/366.jpg,1
./data/1114.jpg,3
./data/206.jpg,0
./data/1358.jpg,3
./data/1390.jpg,3
./data/122.jpg,0
./data/500.jpg,1
./data/683.jpg,2
./data/925.jpg,2
./data/1464.jpg,3
./data/746.jpg,2
./data/894.jpg,2
./data/62.jpg,0
./data/958.jpg,2
./data/1420.jpg,3
./data/1181.jpg,3
./data/415.jpg,1
./data/862.jpg,2
./data/1275.jpg,3
./data/835.jpg,2
./data/816.jpg,2
./data/177.jpg,0
./data/397.jpg,1
./data/1391.jpg,3
./data/82.jpg,0
./data/810.jpg,2
./data/1021.jpg,3
./data/778.jpg,2
./data/1123.jpg,3
./data/820.jpg,2
./data/516.jpg,1
./data/896.jpg,2
./data/1277.jpg,3
./data/692.jpg,2
./data/696.jpg,2
./data/465.jpg,1
./data/1394.jpg,3
./data/811.jpg,2
./data/280.jpg,0
./data/352.jpg,1
./data/1421.jpg,3
./data/163.jpg,0
./data/411.jpg,1
./data/191.jpg,0
./data/474.jpg,1
./data/806.jpg,2
./data/171.jpg,0
./data/1299.jpg,3
./data/747.jpg,2
./data/561.jpg,2
./data/969.jpg,2
./data/510.jpg,1
./data/822.jpg,2
./data/297.jpg,0
./data/769.jpg,2
./data/443.jpg,1
./data/657.jpg,2
./data/940.jpg,2
./data/1094.jpg,3
./data/451.jpg,1
./data/983.jpg,2
./data/17.jpg,0
./data/1419.jpg,3
./data/1290.jpg,3
./data/752.jpg,2
./data/1090.jpg,3
./data/865.jpg,2
./data/181.jpg,0
./data/1136.jpg,3
./data/320.jpg,1
./data/1336.jpg,3
./data/1345.jpg,3
./data/755.jpg,2
./data/211.jpg,0
./data/529.jpg,1
./data/665.jpg,2
./data/1352.jpg,3
./data/872.jpg,2
./data/814.jpg,2
./data/679.jpg,2
./data/863.jpg,2
./data/688.jpg,2
./data/480.jpg,1
./data/585.jpg,2
./data/942.jpg,2
./data/855.jpg,2
./data/222.jpg,0
./data/562.jpg,2
./data/339.jpg,1
./data/1254.jpg,3
./data/1017.jpg,3
./data/987.jpg,2
./data/67.jpg,0
./data/187.jpg,0
./data/706.jpg,2
./data/1129.jpg,3
./data/703.jpg,2
./data/935.jpg,2
./data/136.jpg,0
./data/1405.jpg,3
./data/593.jpg,2
./data/479.jpg,1
./data/808.jpg,2
./data/1457.jpg,3
./data/1156.jpg,3
./data/1013.jpg,3
./data/548.jpg,1
./data/1057.jpg,3
./data/340.jpg,1
./data/1172.jpg,3
./data/1236.jpg,3
./data/1326.jpg,3
./data/1237.jpg,3
./data/857.jpg,2
./data/283.jpg,0
./data/454.jpg,1
./data/824.jpg,2
./data/20.jpg,0
./data/1259.jpg,3
./data/118.jpg,0
./data/985.jpg,2
./data/1109.jpg,3
./data/1440.jpg,3
./data/1462.jpg,3
./data/694.jpg,2
./data/1088.jpg,3
./data/497.jpg,1
./data/127.jpg,0
./data/768.jpg,2
./data/1374.jpg,3
./data/1219.jpg,3
./data/1373.jpg,3
./data/741.jpg,2
./data/463.jpg,1
./data/1395.jpg,3
./data/235.jpg,0
./data/919.jpg,2
./data/161.jpg,0
./data/888.jpg,2
./data/96.jpg,0
./data/634.jpg,2
./data/975.jpg,2
./data/677.jpg,2
./data/1068.jpg,3
./data/329.jpg,1
./data/946.jpg,2
./data/1194.jpg,3
./data/1225.jpg,3
./data/55.jpg,0
./data/546.jpg,1
./data/90.jpg,0
./data/781.jpg,2
./data/131.jpg,0
./data/1020.jpg,3
./data/1178.jpg,3
./data/351.jpg,1
./data/409.jpg,1
./data/298.jpg,0
./data/1160.jpg,3
./data/1369.jpg,3
./data/760.jpg,2
./data/1466.jpg,3
./data/924.jpg,2
./data/311.jpg,1
./data/367.jpg,1
./data/286.jpg,0
./data/678.jpg,2
./data/995.jpg,3
./data/1226.jpg,3
./data/551.jpg,1
./data/66.jpg,0
./data/889.jpg,2
./data/1047.jpg,3
./data/207.jpg,0
./data/404.jpg,1
./data/234.jpg,0
./data/1233.jpg,3
./data/1059.jpg,3
./data/900.jpg,2
./data/295.jpg,0
./data/1150.jpg,3
./data/536.jpg,1
./data/439.jpg,1
./data/1359.jpg,3
./data/130.jpg,0
./data/1387.jpg,3
./data/442.jpg,1
./data/926.jpg,2
./data/727.jpg,2
./data/19.jpg,0
./data/721.jpg,2
./data/241.jpg,0
./data/1330.jpg,3
./data/533.jpg,1
./data/609.jpg,2
./data/116.jpg,0
./data/996.jpg,3
./data/750.jpg,2
./data/540.jpg,1
./data/798.jpg,2
./data/825.jpg,2
./data/1198.jpg,3
./data/592.jpg,2
./data/1378.jpg,3
./data/531.jpg,1
./data/567.jpg,2
./data/881.jpg,2
./data/623.jpg,2
./data/584.jpg,2
./data/489.jpg,1
./data/1422.jpg,3
./data/964.jpg,2
./data/1132.jpg,3
./data/578.jpg,2
./data/225.jpg,0
./data/502.jpg,1
./data/26.jpg,0
./data/673.jpg,2
./data/22.jpg,0
./data/27.jpg,0
./data/375.jpg,1
./data/523.jpg,1
./data/1348.jpg,3
./data/1108.jpg,3
./data/1447.jpg,3
./data/1255.jpg,3
./data/949.jpg,2
./data/427.jpg,1
./data/1324.jpg,3
./data/738.jpg,2
./data/1416.jpg,3
./data/631.jpg,2
./data/1000.jpg,3
./data/1267.jpg,3
./data/1099.jpg,3
./data/611.jpg,2
./data/572.jpg,2
./data/1218.jpg,3
./data/1191.jpg,3
./data/1166.jpg,3
./data/246.jpg,0
./data/1026.jpg,3
./data/31.jpg,0
./data/1208.jpg,3
./data/777.jpg,2
./data/14.jpg,0
./data/1118.jpg,3
./data/953.jpg,2
./data/1203.jpg,3
./data/751.jpg,2
./data/709.jpg,2
./data/388.jpg,1
./data/133.jpg,0
./data/793.jpg,2
./data/541.jpg,1
./data/277.jpg,0
./data/1417.jpg,3
./data/842.jpg,2
./data/309.jpg,0
./data/1313.jpg,3
./data/1174.jpg,3
./data/469.jpg,1
./data/1029.jpg,3
./data/23.jpg,0
./data/1450.jpg,3
./data/1092.jpg,3
./data/92.jpg,0
./data/885.jpg,2
./data/1325.jpg,3
./data/376.jpg,1
./data/682.jpg,2
./data/84.jpg,0
./data/1111.jpg,3
./data/373.jpg,1
./data/51.jpg,0
./data/294.jpg,0
./data/444.jpg,1
./data/448.jpg,1
./data/231.jpg,0
./data/1148.jpg,3
./data/712.jpg,2
./data/1250.jpg,3
./data/670.jpg,2
./data/30.jpg,0
./data/902.jpg,2
./data/1107.jpg,3
./data/1027.jpg,3
./data/1105.jpg,3
./data/805.jpg,2
./data/159.jpg,0
./data/1449.jpg,3
./data/944.jpg,2
./data/274.jpg,0
./data/1382.jpg,3
./data/1312.jpg,3
./data/153.jpg,0
./data/915.jpg,2
./data/974.jpg,2
./data/1197.jpg,3
./data/1453.jpg,3
./data/1286.jpg,3
./data/139.jpg,0
./data/1265.jpg,3
./data/579.jpg,2
./data/705.jpg,2
./data/618.jpg,2
./data/1371.jpg,3
./data/47.jpg,0
./data/386.jpg,1
./data/525.jpg,1
./data/999.jpg,3
./data/796.jpg,2
./data/653.jpg,2
./data/1438.jpg,3
./data/445.jpg,1
./data/986.jpg,2
./data/233.jpg,0
./data/687.jpg,2
./data/1200.jpg,3
./data/662.jpg,2
./data/117.jpg,0
./data/1117.jpg,3
./data/197.jpg,0
./data/328.jpg,1
./data/1142.jpg,3
./data/1141.jpg,3
./data/1339.jpg,3
./data/128.jpg,0
./data/869.jpg,2
./data/189.jpg,0
./data/16.jpg,0
./data/385.jpg,1
./data/356.jpg,1
./data/382.jpg,1
./data/412.jpg,1
./data/1404.jpg,3
./data/63.jpg,0
./data/813.jpg,2
./data/166.jpg,0
./data/1354.jpg,3
./data/110.jpg,0
./data/1189.jpg,3
./data/1149.jpg,3
./data/349.jpg,1
./data/347.jpg,1
./data/756.jpg,2
./data/1383.jpg,3
./data/156.jpg,0
./data/1355.jpg,3
./data/461.jpg,1
./data/718.jpg,2
./data/1315.jpg,3
./data/49.jpg,0
./data/719.jpg,2
./data/1003.jpg,3
./data/152.jpg,0
./data/997.jpg,3
./data/359.jpg,1
./data/1071.jpg,3
./data/422.jpg,1
./data/1311.jpg,3
./data/927.jpg,2
./data/501.jpg,1
./data/1125.jpg,3
./data/629.jpg,2
./data/253.jpg,0
./data/784.jpg,2
./data/779.jpg,2
./data/94.jpg,0
./data/326.jpg,1
./data/1320.jpg,3
./data/114.jpg,0
./data/57.jpg,0
